longitude,latitude,ssr
-13.15999984741211,35.810001373291016,25007182.700000003
-13.15999984741211,35.560001373291016,25102338.7
-13.15999984741211,35.310001373291016,25206593.000000004
-13.15999984741211,35.060001373291016,25322749.5
-13.15999984741211,34.810001373291016,25472820.399999995
-13.15999984741211,34.560001373291016,25671220.200000003
-13.15999984741211,34.310001373291016,25881195.6
-13.15999984741211,34.060001373291016,26040756.4
-13.15999984741211,33.810001373291016,26115563.599999998
-13.15999984741211,33.560001373291016,26143379.9
-13.15999984741211,33.310001373291016,26190404.0
-13.15999984741211,33.060001373291016,26323680.900000002
-13.15999984741211,32.810001373291016,26493350.3
-13.15999984741211,32.560001373291016,26629105.7
-13.15999984741211,32.310001373291016,26742491.1
-13.15999984741211,32.060001373291016,26833863.7
-13.15999984741211,31.809999465942386,26963097.099999998
-13.15999984741211,31.559999465942386,27107168.599999998
-13.15999984741211,31.309999465942386,27309546.0
-13.15999984741211,31.059999465942386,27569741.000000004
-13.15999984741211,30.809999465942386,27870372.4
-13.15999984741211,30.559999465942386,28145209.700000003
-13.15999984741211,30.309999465942386,28281878.8
-13.15999984741211,30.059999465942386,28357500.799999997
-13.15999984741211,29.809999465942386,28438145.099999998
-13.15999984741211,29.559999465942386,28555737.6
-13.15999984741211,29.309999465942386,28680405.200000003
-13.15999984741211,29.059999465942386,28792648.599999998
-13.15999984741211,28.809999465942386,28863314.599999998
-13.15999984741211,28.559999465942386,28933817.199999996
-13.15999984741211,28.309999465942386,29085486.4
-13.15999984741211,28.059999465942386,29192153.499999996
-13.15999984741211,27.809999465942386,28072620.400000002
-13.15999984741211,27.559999465942386,26798319.0
-12.90999984741211,35.810001373291016,25150992.500000004
-12.90999984741211,35.560001373291016,25245105.0
-12.90999984741211,35.310001373291016,25355457.5
-12.90999984741211,35.060001373291016,25494832.6
-12.90999984741211,34.810001373291016,25649599.500000004
-12.90999984741211,34.560001373291016,25828921.700000003
-12.90999984741211,34.310001373291016,26033288.800000004
-12.90999984741211,34.060001373291016,26165424.6
-12.90999984741211,33.810001373291016,26224383.1
-12.90999984741211,33.560001373291016,26245416.6
-12.90999984741211,33.310001373291016,26286766.599999998
-12.90999984741211,33.060001373291016,26415966.900000002
-12.90999984741211,32.810001373291016,26589615.099999998
-12.90999984741211,32.560001373291016,26750121.5
-12.90999984741211,32.310001373291016,26872963.200000003
-12.90999984741211,32.060001373291016,27015665.099999998
-12.90999984741211,31.809999465942386,27151126.7
-12.90999984741211,31.559999465942386,27331981.800000004
-12.90999984741211,31.309999465942386,27538337.900000002
-12.90999984741211,31.059999465942386,27808381.3
-12.90999984741211,30.809999465942386,28107936.700000003
-12.90999984741211,30.559999465942386,28372925.8
-12.90999984741211,30.309999465942386,28506561.400000002
-12.90999984741211,30.059999465942386,28570347.1
-12.90999984741211,29.809999465942386,28632468.3
-12.90999984741211,29.559999465942386,28716667.2
-12.90999984741211,29.309999465942386,28817693.0
-12.90999984741211,29.059999465942386,28906816.3
-12.90999984741211,28.809999465942386,29003831.0
-12.90999984741211,28.559999465942386,29108672.0
-12.90999984741211,28.309999465942386,29233242.8
-12.90999984741211,28.059999465942386,27773586.5
-12.90999984741211,27.809999465942386,25398046.3
-12.90999984741211,27.559999465942386,23659215.900000002
-12.65999984741211,35.810001373291016,25330901.9
-12.65999984741211,35.560001373291016,25430949.5
-12.65999984741211,35.310001373291016,25567519.9
-12.65999984741211,35.060001373291016,25716971.9
-12.65999984741211,34.810001373291016,25878586.9
-12.65999984741211,34.560001373291016,26033517.0
-12.65999984741211,34.310001373291016,26160695.599999998
-12.65999984741211,34.060001373291016,26271928.499999996
-12.65999984741211,33.810001373291016,26317386.4
-12.65999984741211,33.560001373291016,26346540.499999996
-12.65999984741211,33.310001373291016,26412934.200000003
-12.65999984741211,33.060001373291016,26543145.9
-12.65999984741211,32.810001373291016,26721229.200000003
-12.65999984741211,32.560001373291016,26888486.1
-12.65999984741211,32.310001373291016,27041101.1
-12.65999984741211,32.060001373291016,27190976.1
-12.65999984741211,31.809999465942386,27373689.8
-12.65999984741211,31.559999465942386,27561947.7
-12.65999984741211,31.309999465942386,27807827.0
-12.65999984741211,31.059999465942386,28081457.4
-12.65999984741211,30.809999465942386,28382838.799999997
-12.65999984741211,30.559999465942386,28644632.1
-12.65999984741211,30.309999465942386,28775365.0
-12.65999984741211,30.059999465942386,28834617.8
-12.65999984741211,29.809999465942386,28883696.3
-12.65999984741211,29.559999465942386,28944024.0
-12.65999984741211,29.309999465942386,29012146.5
-12.65999984741211,29.059999465942386,29089595.6
-12.65999984741211,28.809999465942386,29165185.099999998
-12.65999984741211,28.559999465942386,29271754.799999997
-12.65999984741211,28.309999465942386,29366454.099999998
-12.65999984741211,28.059999465942386,27228738.5
-12.65999984741211,27.809999465942386,24170214.4
-12.65999984741211,27.559999465942386,22372686.1
-12.40999984741211,35.810001373291016,25519420.2
-12.40999984741211,35.560001373291016,25657621.5
-12.40999984741211,35.310001373291016,25804562.3
-12.40999984741211,35.060001373291016,25981438.8
-12.40999984741211,34.810001373291016,26139564.599999998
-12.40999984741211,34.560001373291016,26235927.2
-12.40999984741211,34.310001373291016,26304962.2
-12.40999984741211,34.060001373291016,26343899.0
-12.40999984741211,33.810001373291016,26398227.3
-12.40999984741211,33.560001373291016,26468501.9
-12.40999984741211,33.310001373291016,26559320.599999998
-12.40999984741211,33.060001373291016,26716305.0
-12.40999984741211,32.810001373291016,26893475.499999996
-12.40999984741211,32.560001373291016,27060666.7
-12.40999984741211,32.310001373291016,27217129.900000002
-12.40999984741211,32.060001373291016,27392081.599999998
-12.40999984741211,31.809999465942386,27587872.4
-12.40999984741211,31.559999465942386,27837860.9
-12.40999984741211,31.309999465942386,28097957.999999996
-12.40999984741211,31.059999465942386,28403415.8
-12.40999984741211,30.809999465942386,28706297.6
-12.40999984741211,30.559999465942386,28967340.099999998
-12.40999984741211,30.309999465942386,29100226.2
-12.40999984741211,30.059999465942386,29163065.599999998
-12.40999984741211,29.809999465942386,29207611.6
-12.40999984741211,29.559999465942386,29250396.000000004
-12.40999984741211,29.309999465942386,29298853.6
-12.40999984741211,29.059999465942386,29324452.5
-12.40999984741211,28.809999465942386,29362573.8
-12.40999984741211,28.559999465942386,29381813.9
-12.40999984741211,28.309999465942386,29478273.6
-12.40999984741211,28.059999465942386,26440587.400000002
-12.40999984741211,27.809999465942386,23371530.099999998
-12.40999984741211,27.559999465942386,22331826.000000004
-12.15999984741211,35.810001373291016,25734809.6
-12.15999984741211,35.560001373291016,25881750.2
-12.15999984741211,35.310001373291016,26067202.699999996
-12.15999984741211,35.060001373291016,26250928.1
-12.15999984741211,34.810001373291016,26400934.1
-12.15999984741211,34.560001373291016,26452979.3
-12.15999984741211,34.310001373291016,26432141.5
-12.15999984741211,34.060001373291016,26455816.799999997
-12.15999984741211,33.810001373291016,26511318.7
-12.15999984741211,33.560001373291016,26596561.099999998
-12.15999984741211,33.310001373291016,26738708.599999998
-12.15999984741211,33.060001373291016,26895496.9
-12.15999984741211,32.810001373291016,27064514.599999998
-12.15999984741211,32.560001373291016,27233891.0
-12.15999984741211,32.310001373291016,27412463.4
-12.15999984741211,32.060001373291016,27600003.4
-12.15999984741211,31.809999465942386,27851817.599999998
-12.15999984741211,31.559999465942386,28129426.5
-12.15999984741211,31.309999465942386,28444407.0
-12.15999984741211,31.059999465942386,28760919.1
-12.15999984741211,30.809999465942386,29070290.3
-12.15999984741211,30.559999465942386,29329604.799999997
-12.15999984741211,30.309999465942386,29465654.000000004
-12.15999984741211,30.059999465942386,29528851.900000002
-12.15999984741211,29.809999465942386,29563288.400000002
-12.15999984741211,29.559999465942386,29594169.8
-12.15999984741211,29.309999465942386,29594169.900000002
-12.15999984741211,29.059999465942386,29583995.599999998
-12.15999984741211,28.809999465942386,29475762.6
-12.15999984741211,28.559999465942386,29454990.3
-12.15999984741211,28.309999465942386,29543950.9
-12.15999984741211,28.059999465942386,25449797.4
-12.15999984741211,27.809999465942386,22379599.599999998
-12.15999984741211,27.559999465942386,21600122.799999997
-11.90999984741211,35.810001373291016,25930730.6
-11.90999984741211,35.560001373291016,26099878.599999998
-11.90999984741211,35.310001373291016,26291364.3
-11.90999984741211,35.060001373291016,26470490.7
-11.90999984741211,34.810001373291016,26611659.700000003
-11.90999984741211,34.560001373291016,26635203.599999998
-11.90999984741211,34.310001373291016,26599757.400000002
-11.90999984741211,34.060001373291016,26603082.9
-11.90999984741211,33.810001373291016,26658617.900000002
-11.90999984741211,33.560001373291016,26773698.099999998
-11.90999984741211,33.310001373291016,26914247.799999997
-11.90999984741211,33.060001373291016,27054634.0
-11.90999984741211,32.810001373291016,27219640.4
-11.90999984741211,32.560001373291016,27400886.6
-11.90999984741211,32.310001373291016,27597623.4
-11.90999984741211,32.060001373291016,27843795.700000003
-11.90999984741211,31.809999465942386,28134220.4
-11.90999984741211,31.559999465942386,28473266.0
-11.90999984741211,31.309999465942386,28817138.299999997
-11.90999984741211,31.059999465942386,29159021.9
-11.90999984741211,30.809999465942386,29466469.600000005
-11.90999984741211,30.559999465942386,29710228.7
-11.90999984741211,30.309999465942386,29845788.899999995
-11.90999984741211,30.059999465942386,29897638.5
-11.90999984741211,29.809999465942386,29921737.3
-11.90999984741211,29.559999465942386,29898453.299999997
-11.90999984741211,29.309999465942386,29876964.3
-11.90999984741211,29.059999465942386,29721740.4
-11.90999984741211,28.809999465942386,29560972.299999997
-11.90999984741211,28.559999465942386,29373009.4
-11.90999984741211,28.309999465942386,29321158.799999997
-11.90999984741211,28.059999465942386,24504401.1
-11.90999984741211,27.809999465942386,21811565.9
-11.90999984741211,27.559999465942386,21598589.7
-11.65999984741211,35.810001373291016,26126846.799999997
-11.65999984741211,35.560001373291016,26289211.9
-11.65999984741211,35.310001373291016,26446522.3
-11.65999984741211,35.060001373291016,26611398.7
-11.65999984741211,34.810001373291016,26730164.1
-11.65999984741211,34.560001373291016,26771839.7
-11.65999984741211,34.310001373291016,26783057.5
-11.65999984741211,34.060001373291016,26795384.0
-11.65999984741211,33.810001373291016,26856397.7
-11.65999984741211,33.560001373291016,26966456.6
-11.65999984741211,33.310001373291016,27072211.0
-11.65999984741211,33.060001373291016,27204737.2
-11.65999984741211,32.810001373291016,27349362.799999997
-11.65999984741211,32.560001373291016,27545218.099999998
-11.65999984741211,32.310001373291016,27799152.8
-11.65999984741211,32.060001373291016,28093001.499999996
-11.65999984741211,31.809999465942386,28452721.8
-11.65999984741211,31.559999465942386,28836933.0
-11.65999984741211,31.309999465942386,29229883.299999997
-11.65999984741211,31.059999465942386,29577440.8
-11.65999984741211,30.809999465942386,29876898.900000002
-11.65999984741211,30.559999465942386,30110679.699999996
-11.65999984741211,30.309999465942386,30220999.2
-11.65999984741211,30.059999465942386,30264892.3
-11.65999984741211,29.809999465942386,30231303.4
-11.65999984741211,29.559999465942386,30194096.2
-11.65999984741211,29.309999465942386,30037111.2
-11.65999984741211,29.059999465942386,29859517.6
-11.65999984741211,28.809999465942386,29474360.8
-11.65999984741211,28.559999465942386,29124194.4
-11.65999984741211,28.309999465942386,27251631.200000003
-11.65999984741211,28.059999465942386,22919262.200000003
-11.65999984741211,27.809999465942386,22256953.3
-11.65999984741211,27.559999465942386,22232332.4
-11.40999984741211,35.810001373291016,26357889.0
-11.40999984741211,35.560001373291016,26483372.0
-11.40999984741211,35.310001373291016,26619909.4
-11.40999984741211,35.060001373291016,26737763.1
-11.40999984741211,34.810001373291016,26852191.1
-11.40999984741211,34.560001373291016,26929901.1
-11.40999984741211,34.310001373291016,26968347.6
-11.40999984741211,34.060001373291016,27031383.099999998
-11.40999984741211,33.810001373291016,27090015.8
-11.40999984741211,33.560001373291016,27147409.299999997
-11.40999984741211,33.310001373291016,27240087.1
-11.40999984741211,33.060001373291016,27331720.900000002
-11.40999984741211,32.810001373291016,27472856.8
-11.40999984741211,32.560001373291016,27700344.2
-11.40999984741211,32.310001373291016,27999247.7
-11.40999984741211,32.060001373291016,28376545.200000003
-11.40999984741211,31.809999465942386,28780322.200000003
-11.40999984741211,31.559999465942386,29226361.5
-11.40999984741211,31.309999465942386,29638095.6
-11.40999984741211,31.059999465942386,30002055.900000002
-11.40999984741211,30.809999465942386,30288893.3
-11.40999984741211,30.559999465942386,30481096.7
-11.40999984741211,30.309999465942386,30580850.600000005
-11.40999984741211,30.059999465942386,30577394.0
-11.40999984741211,29.809999465942386,30528903.100000005
-11.40999984741211,29.559999465942386,30375146.599999998
-11.40999984741211,29.309999465942386,30202868.299999997
-11.40999984741211,29.059999465942386,29860658.7
-11.40999984741211,28.809999465942386,29370334.8
-11.40999984741211,28.559999465942386,27498292.999999996
-11.40999984741211,28.309999465942386,24743139.200000003
-11.40999984741211,28.059999465942386,23039462.499999996
-11.40999984741211,27.809999465942386,23453022.4
-11.40999984741211,27.559999465942386,24467226.000000004
-11.15999984741211,35.810001373291016,26612474.900000002
-11.15999984741211,35.560001373291016,26715718.100000005
-11.15999984741211,35.310001373291016,26809471.7
-11.15999984741211,35.060001373291016,26910138.3
-11.15999984741211,34.810001373291016,26989772.5
-11.15999984741211,34.560001373291016,27078145.599999998
-11.15999984741211,34.310001373291016,27176497.3
-11.15999984741211,34.060001373291016,27247358.900000002
-11.15999984741211,33.810001373291016,27289719.3
-11.15999984741211,33.560001373291016,27328166.299999997
-11.15999984741211,33.310001373291016,27380570.4
-11.15999984741211,33.060001373291016,27467639.200000003
-11.15999984741211,32.810001373291016,27622699.900000002
-11.15999984741211,32.560001373291016,27872557.799999997
-11.15999984741211,32.310001373291016,28245126.900000002
-11.15999984741211,32.060001373291016,28653339.299999997
-11.15999984741211,31.809999465942386,29125434.0
-11.15999984741211,31.559999465942386,29587419.3
-11.15999984741211,31.309999465942386,30025111.2
-11.15999984741211,31.059999465942386,30384962.7
-11.15999984741211,30.809999465942386,30639417.9
-11.15999984741211,30.559999465942386,30812251.099999998
-11.15999984741211,30.309999465942386,30869123.299999997
-11.15999984741211,30.059999465942386,30849198.6
-11.15999984741211,29.809999465942386,30691365.8
-11.15999984741211,29.559999465942386,30504705.900000002
-11.15999984741211,29.309999465942386,30188715.200000003
-11.15999984741211,29.059999465942386,29789503.900000002
-11.15999984741211,28.809999465942386,28182319.999999996
-11.15999984741211,28.559999465942386,25648196.9
-11.15999984741211,28.309999465942386,23342409.400000002
-11.15999984741211,28.059999465942386,23757893.5
-11.15999984741211,27.809999465942386,25595662.6
-11.15999984741211,27.559999465942386,26712229.599999998
-10.90999984741211,35.810001373291016,26870843.8
-10.90999984741211,35.560001373291016,26976630.7
-10.90999984741211,35.310001373291016,27056003.3
-10.90999984741211,35.060001373291016,27115679.600000005
-10.90999984741211,34.810001373291016,27185008.900000002
-10.90999984741211,34.560001373291016,27263142.3
-10.90999984741211,34.310001373291016,27361265.600000005
-10.90999984741211,34.060001373291016,27421985.7
-10.90999984741211,33.810001373291016,27449639.2
-10.90999984741211,33.560001373291016,27462943.400000002
-10.90999984741211,33.310001373291016,27510097.299999997
-10.90999984741211,33.060001373291016,27624558.8
-10.90999984741211,32.810001373291016,27798989.8
-10.90999984741211,32.560001373291016,28107969.3
-10.90999984741211,32.310001373291016,28493778.5
-10.90999984741211,32.060001373291016,28959383.700000003
-10.90999984741211,31.809999465942386,29436532.7
-10.90999984741211,31.559999465942386,29923922.2
-10.90999984741211,31.309999465942386,30358939.299999997
-10.90999984741211,31.059999465942386,30690648.5
-10.90999984741211,30.809999465942386,30931734.6
-10.90999984741211,30.559999465942386,31046619.3
-10.90999984741211,30.309999465942386,31085001.200000003
-10.90999984741211,30.059999465942386,31003541.299999997
-10.90999984741211,29.809999465942386,30787858.7
-10.90999984741211,29.559999465942386,30432637.9
-10.90999984741211,29.309999465942386,30068091.1
-10.90999984741211,29.059999465942386,29003961.4
-10.90999984741211,28.809999465942386,26624018.4
-10.90999984741211,28.559999465942386,24903580.700000003
-10.90999984741211,28.309999465942386,24151365.6
-10.90999984741211,28.059999465942386,24761792.099999998
-10.90999984741211,27.809999465942386,26491556.499999996
-10.90999984741211,27.559999465942386,27352884.700000003
-10.65999984741211,35.810001373291016,27118287.999999996
-10.65999984741211,35.560001373291016,27233434.299999997
-10.65999984741211,35.310001373291016,27318383.700000003
-10.65999984741211,35.060001373291016,27366189.2
-10.65999984741211,34.810001373291016,27397365.1
-10.65999984741211,34.560001373291016,27463693.599999998
-10.65999984741211,34.310001373291016,27537327.099999998
-10.65999984741211,34.060001373291016,27582296.0
-10.65999984741211,33.810001373291016,27584350.8
-10.65999984741211,33.560001373291016,27585426.3
-10.65999984741211,33.310001373291016,27631504.400000002
-10.65999984741211,33.060001373291016,27769576.1
-10.65999984741211,32.810001373291016,28007758.7
-10.65999984741211,32.560001373291016,28333923.7
-10.65999984741211,32.310001373291016,28771973.900000002
-10.65999984741211,32.060001373291016,29241395.5
-10.65999984741211,31.809999465942386,29739414.7
-10.65999984741211,31.559999465942386,30222988.299999997
-10.65999984741211,31.309999465942386,30628330.700000003
-10.65999984741211,31.059999465942386,30949343.5
-10.65999984741211,30.809999465942386,31127981.200000003
-10.65999984741211,30.559999465942386,31220561.000000004
-10.65999984741211,30.309999465942386,31158634.5
-10.65999984741211,30.059999465942386,31047988.599999998
-10.65999984741211,29.809999465942386,30787011.0
-10.65999984741211,29.559999465942386,30364352.800000004
-10.65999984741211,29.309999465942386,29487242.000000004
-10.65999984741211,29.059999465942386,27930049.499999996
-10.65999984741211,28.809999465942386,25404372.4
-10.65999984741211,28.559999465942386,25036303.100000005
-10.65999984741211,28.309999465942386,25676600.2
-10.65999984741211,28.059999465942386,25704612.599999998
-10.65999984741211,27.809999465942386,24999519.9
-10.65999984741211,27.559999465942386,26037854.2
-10.40999984741211,35.810001373291016,27321546.8
-10.40999984741211,35.560001373291016,27467671.900000002
-10.40999984741211,35.310001373291016,27554838.299999997
-10.40999984741211,35.060001373291016,27589927.200000003
-10.40999984741211,34.810001373291016,27608057.9
-10.40999984741211,34.560001373291016,27646570.400000002
-10.40999984741211,34.310001373291016,27705464.1
-10.40999984741211,34.060001373291016,27720953.8
-10.40999984741211,33.810001373291016,27707029.1
-10.40999984741211,33.560001373291016,27690659.2
-10.40999984741211,33.310001373291016,27746487.6
-10.40999984741211,33.060001373291016,27924473.1
-10.40999984741211,32.810001373291016,28190113.5
-10.40999984741211,32.560001373291016,28585803.6
-10.40999984741211,32.310001373291016,29032332.6
-10.40999984741211,32.060001373291016,29527123.8
-10.40999984741211,31.809999465942386,30022469.5
-10.40999984741211,31.559999465942386,30465509.0
-10.40999984741211,31.309999465942386,30862176.9
-10.40999984741211,31.059999465942386,31105186.9
-10.40999984741211,30.809999465942386,31263997.099999998
-10.40999984741211,30.559999465942386,31256986.0
-10.40999984741211,30.309999465942386,31123513.400000002
-10.40999984741211,30.059999465942386,30854024.699999996
-10.40999984741211,29.809999465942386,30596601.500000004
-10.40999984741211,29.559999465942386,30107385.700000003
-10.40999984741211,29.309999465942386,28702254.000000004
-10.40999984741211,29.059999465942386,26775622.3
-10.40999984741211,28.809999465942386,25059717.400000002
-10.40999984741211,28.559999465942386,26050311.1
-10.40999984741211,28.309999465942386,26567473.3
-10.40999984741211,28.059999465942386,25465157.3
-10.40999984741211,27.809999465942386,23906007.9
-10.40999984741211,27.559999465942386,24620786.599999998
-10.15999984741211,35.810001373291016,27504162.1
-10.15999984741211,35.560001373291016,27654527.599999998
-10.15999984741211,35.310001373291016,27747595.799999997
-10.15999984741211,35.060001373291016,27780271.5
-10.15999984741211,34.810001373291016,27788717.2
-10.15999984741211,34.560001373291016,27812685.9
-10.15999984741211,34.310001373291016,27836621.900000002
-10.15999984741211,34.060001373291016,27842458.9
-10.15999984741211,33.810001373291016,27809815.7
-10.15999984741211,33.560001373291016,27790869.7
-10.15999984741211,33.310001373291016,27849861.4
-10.15999984741211,33.060001373291016,28053054.0
-10.15999984741211,32.810001373291016,28384305.9
-10.15999984741211,32.560001373291016,28799007.499999996
-10.15999984741211,32.310001373291016,29291092.6
-10.15999984741211,32.060001373291016,29786829.699999996
-10.15999984741211,31.809999465942386,30254261.400000002
-10.15999984741211,31.559999465942386,30682789.200000003
-10.15999984741211,31.309999465942386,30996236.5
-10.15999984741211,31.059999465942386,31217202.0
-10.15999984741211,30.809999465942386,31267258.400000002
-10.15999984741211,30.559999465942386,31209278.400000002
-10.15999984741211,30.309999465942386,30857154.8
-10.15999984741211,30.059999465942386,30510021.999999996
-10.15999984741211,29.809999465942386,30313970.400000002
-10.15999984741211,29.559999465942386,29616442.200000003
-10.15999984741211,29.309999465942386,27764227.4
-10.15999984741211,29.059999465942386,25926817.1
-10.15999984741211,28.809999465942386,25510811.099999998
-10.15999984741211,28.559999465942386,26602463.2
-10.15999984741211,28.309999465942386,26627671.3
-10.15999984741211,28.059999465942386,25255539.9
-10.15999984741211,27.809999465942386,24372950.6
-10.15999984741211,27.559999465942386,24752922.7
-9.90999984741211,35.810001373291016,27666429.7
-9.90999984741211,35.560001373291016,27798435.3
-9.90999984741211,35.310001373291016,27892319.7
-9.90999984741211,35.060001373291016,27932951.3
-9.90999984741211,34.810001373291016,27942571.5
-9.90999984741211,34.560001373291016,27955908.8
-9.90999984741211,34.310001373291016,27968528.7
-9.90999984741211,34.060001373291016,27947267.2
-9.90999984741211,33.810001373291016,27911623.900000002
-9.90999984741211,33.560001373291016,27889580.0
-9.90999984741211,33.310001373291016,27953365.400000002
-9.90999984741211,33.060001373291016,28189820.5
-9.90999984741211,32.810001373291016,28535909.8
-9.90999984741211,32.560001373291016,28983612.8
-9.90999984741211,32.310001373291016,29487078.900000002
-9.90999984741211,32.060001373291016,29987446.6
-9.90999984741211,31.809999465942386,30423801.1
-9.90999984741211,31.559999465942386,29897214.4
-9.90999984741211,31.309999465942386,30134680.5
-9.90999984741211,31.059999465942386,30283805.900000002
-9.90999984741211,30.809999465942386,30290262.8
-9.90999984741211,30.559999465942386,30573480.6
-9.90999984741211,30.309999465942386,30301741.400000002
-9.90999984741211,30.059999465942386,29577017.5
-9.90999984741211,29.809999465942386,29161663.3
-9.90999984741211,29.559999465942386,27779587.0
-9.90999984741211,29.309999465942386,26171718.4
-9.90999984741211,29.059999465942386,25974525.3
-9.90999984741211,28.809999465942386,25909924.900000002
-9.90999984741211,28.559999465942386,26985859.3
-9.90999984741211,28.309999465942386,26677335.899999995
-9.90999984741211,28.059999465942386,24734791.2
-9.90999984741211,27.809999465942386,24325698.9
-9.90999984741211,27.559999465942386,24568088.6
-9.65999984741211,35.810001373291016,27815066.6
-9.65999984741211,35.560001373291016,27931777.3
-9.65999984741211,35.310001373291016,28015813.599999998
-9.65999984741211,35.060001373291016,28066750.2
-9.65999984741211,34.810001373291016,28101969.200000003
-9.65999984741211,34.560001373291016,28109958.3
-9.65999984741211,34.310001373291016,28100338.599999998
-9.65999984741211,34.060001373291016,28073011.300000004
-9.65999984741211,33.810001373291016,28023346.6
-9.65999984741211,33.560001373291016,28002150.500000004
-9.65999984741211,33.310001373291016,28079663.8
-9.65999984741211,33.060001373291016,28314846.7
-9.65999984741211,32.810001373291016,28655360.9
-9.65999984741211,32.560001373291016,29107628.9
-9.65999984741211,32.310001373291016,29414749.900000002
-9.65999984741211,32.060001373291016,29913486.8
-9.65999984741211,31.809999465942386,29679510.5
-9.65999984741211,31.559999465942386,28155677.3
-9.65999984741211,31.309999465942386,27434377.2
-9.65999984741211,31.059999465942386,27649570.3
-9.65999984741211,30.809999465942386,27843502.099999998
-9.65999984741211,30.559999465942386,28626305.099999998
-9.65999984741211,30.309999465942386,29090834.2
-9.65999984741211,30.059999465942386,27979126.999999996
-9.65999984741211,29.809999465942386,26347257.599999998
-9.65999984741211,29.559999465942386,25567422.3
-9.65999984741211,29.309999465942386,26335126.2
-9.65999984741211,29.059999465942386,26470588.700000003
-9.65999984741211,28.809999465942386,27095233.1
-9.65999984741211,28.559999465942386,27549881.6
-9.65999984741211,28.309999465942386,26535026.099999998
-9.65999984741211,28.059999465942386,24809924.799999997
-9.65999984741211,27.809999465942386,24516206.3
-9.65999984741211,27.559999465942386,24668886.2
-9.40999984741211,35.810001373291016,27964224.4
-9.40999984741211,35.560001373291016,28047249.6
-9.40999984741211,35.310001373291016,28135785.299999997
-9.40999984741211,35.060001373291016,28220473.599999994
-9.40999984741211,34.810001373291016,28267334.5
-9.40999984741211,34.560001373291016,28284617.4
-9.40999984741211,34.310001373291016,28266584.3
-9.40999984741211,34.060001373291016,28220310.599999998
-9.40999984741211,33.810001373291016,28171884.599999998
-9.40999984741211,33.560001373291016,28154732.2
-9.40999984741211,33.310001373291016,28228006.6
-9.40999984741211,33.060001373291016,28409318.400000002
-9.40999984741211,32.810001373291016,28717352.400000002
-9.40999984741211,32.560001373291016,29009668.800000004
-9.40999984741211,32.310001373291016,29006733.599999998
-9.40999984741211,32.060001373291016,28426765.3
-9.40999984741211,31.809999465942386,27583274.9
-9.40999984741211,31.559999465942386,26376671.799999997
-9.40999984741211,31.309999465942386,25552812.9
-9.40999984741211,31.059999465942386,26134934.0
-9.40999984741211,30.809999465942386,26578788.799999997
-9.40999984741211,30.559999465942386,27029426.200000003
-9.40999984741211,30.309999465942386,26954293.0
-9.40999984741211,30.059999465942386,27071623.900000002
-9.40999984741211,29.809999465942386,26134118.7
-9.40999984741211,29.559999465942386,26278711.5
-9.40999984741211,29.309999465942386,26838233.5
-9.40999984741211,29.059999465942386,27279903.9
-9.40999984741211,28.809999465942386,27833850.099999998
-9.40999984741211,28.559999465942386,27335601.2
-9.40999984741211,28.309999465942386,26571256.0
-9.40999984741211,28.059999465942386,25478266.2
-9.40999984741211,27.809999465942386,24881047.299999997
-9.40999984741211,27.559999465942386,24324524.899999995
-9.15999984741211,35.810001373291016,28087816.000000004
-9.15999984741211,35.560001373291016,28159427.5
-9.15999984741211,35.310001373291016,28249725.1
-9.15999984741211,35.060001373291016,28353718.4
-9.15999984741211,34.810001373291016,28452656.7
-9.15999984741211,34.560001373291016,28469124.599999998
-9.15999984741211,34.310001373291016,28437851.7
-9.15999984741211,34.060001373291016,28390568.0
-9.15999984741211,33.810001373291016,28346250.499999996
-9.15999984741211,33.560001373291016,28331184.7
-9.15999984741211,33.310001373291016,28370512.1
-9.15999984741211,33.060001373291016,28522083.7
-9.15999984741211,32.810001373291016,28092773.3
-9.15999984741211,32.560001373291016,28090555.8
-9.15999984741211,32.310001373291016,27392962.6
-9.15999984741211,32.060001373291016,26089704.1
-9.15999984741211,31.809999465942386,25236593.599999998
-9.15999984741211,31.559999465942386,24714833.799999997
-9.15999984741211,31.309999465942386,24815925.099999998
-9.15999984741211,31.059999465942386,25897924.5
-9.15999984741211,30.809999465942386,27232423.7
-9.15999984741211,30.559999465942386,26721522.4
-9.15999984741211,30.309999465942386,26120063.1
-9.15999984741211,30.059999465942386,26591930.700000003
-9.15999984741211,29.809999465942386,27439791.2
-9.15999984741211,29.559999465942386,27580306.800000004
-9.15999984741211,29.309999465942386,27533283.099999998
-9.15999984741211,29.059999465942386,27894830.6
-9.15999984741211,28.809999465942386,27644646.1
-9.15999984741211,28.559999465942386,27135702.4
-9.15999984741211,28.309999465942386,26688325.700000003
-9.15999984741211,28.059999465942386,25555584.9
-9.15999984741211,27.809999465942386,24386027.299999997
-9.15999984741211,27.559999465942386,23828722.5
-8.90999984741211,35.810001373291016,28187994.5
-8.90999984741211,35.560001373291016,28233355.0
-8.90999984741211,35.310001373291016,28333858.499999996
-8.90999984741211,35.060001373291016,28478419.299999997
-8.90999984741211,34.810001373291016,28590532.099999998
-8.90999984741211,34.560001373291016,28614858.9
-8.90999984741211,34.310001373291016,28577227.000000004
-8.90999984741211,34.060001373291016,28516865.9
-8.90999984741211,33.810001373291016,28474538.5
-8.90999984741211,33.560001373291016,28463483.3
-8.90999984741211,33.310001373291016,28496712.9
-8.90999984741211,33.060001373291016,28067141.3
-8.90999984741211,32.810001373291016,26961206.0
-8.90999984741211,32.560001373291016,26003679.099999998
-8.90999984741211,32.310001373291016,25503669.7
-8.90999984741211,32.060001373291016,25186863.8
-8.90999984741211,31.809999465942386,24443584.000000004
-8.90999984741211,31.559999465942386,23912268.900000002
-8.90999984741211,31.309999465942386,24309426.7
-8.90999984741211,31.059999465942386,26500035.5
-8.90999984741211,30.809999465942386,27571730.599999998
-8.90999984741211,30.559999465942386,26351040.4
-8.90999984741211,30.309999465942386,26269287.099999998
-8.90999984741211,30.059999465942386,27154453.1
-8.90999984741211,29.809999465942386,27856056.6
-8.90999984741211,29.559999465942386,28054978.2
-8.90999984741211,29.309999465942386,27985584.099999998
-8.90999984741211,29.059999465942386,27591948.7
-8.90999984741211,28.809999465942386,27143202.4
-8.90999984741211,28.559999465942386,26973532.799999997
-8.90999984741211,28.309999465942386,26336170.1
-8.90999984741211,28.059999465942386,24827958.2
-8.90999984741211,27.809999465942386,23665672.400000002
-8.90999984741211,27.559999465942386,23299951.400000002
-8.659999847412111,35.810001373291016,28239061.3
-8.659999847412111,35.560001373291016,28279987.5
-8.659999847412111,35.310001373291016,28382578.0
-8.659999847412111,35.060001373291016,28536301.599999998
-8.659999847412111,34.810001373291016,28665176.700000003
-8.659999847412111,34.560001373291016,28685818.4
-8.659999847412111,34.310001373291016,28637001.2
-8.659999847412111,34.060001373291016,28570509.400000002
-8.659999847412111,33.810001373291016,28516670.5
-8.659999847412111,33.560001373291016,28507148.200000003
-8.659999847412111,33.310001373291016,28203679.5
-8.659999847412111,33.060001373291016,27119332.3
-8.659999847412111,32.810001373291016,25636066.3
-8.659999847412111,32.560001373291016,25221952.0
-8.659999847412111,32.310001373291016,25030759.5
-8.659999847412111,32.060001373291016,25007149.900000002
-8.659999847412111,31.809999465942386,24748193.799999997
-8.659999847412111,31.559999465942386,24222324.900000002
-8.659999847412111,31.309999465942386,25108240.899999995
-8.659999847412111,31.059999465942386,27081015.0
-8.659999847412111,30.809999465942386,27208520.3
-8.659999847412111,30.559999465942386,26383129.200000003
-8.659999847412111,30.309999465942386,27246543.5
-8.659999847412111,30.059999465942386,27581415.8
-8.659999847412111,29.809999465942386,27665158.200000003
-8.659999847412111,29.559999465942386,28043793.400000002
-8.659999847412111,29.309999465942386,27846469.8
-8.659999847412111,29.059999465942386,27173790.5
-8.659999847412111,28.809999465942386,26771677.3
-8.659999847412111,28.559999465942386,26751524.1
-8.659999847412111,28.309999465942386,25083261.0
-8.659999847412111,28.059999465942386,23966532.7
-8.659999847412111,27.809999465942386,23754925.999999993
-8.659999847412111,27.559999465942386,23455207.299999997
-8.409999847412111,35.810001373291016,28279791.5
-8.409999847412111,35.560001373291016,28305390.099999998
-8.409999847412111,35.310001373291016,28404915.5
-8.409999847412111,35.060001373291016,28551921.7
-8.409999847412111,34.810001373291016,28681480.8
-8.409999847412111,34.560001373291016,28692796.599999998
-8.409999847412111,34.310001373291016,28637163.599999998
-8.409999847412111,34.060001373291016,28560465.799999997
-8.409999847412111,33.810001373291016,28499680.5
-8.409999847412111,33.560001373291016,28159819.6
-8.409999847412111,33.310001373291016,27440508.2
-8.409999847412111,33.060001373291016,25941230.8
-8.409999847412111,32.810001373291016,24815631.6
-8.409999847412111,32.560001373291016,25024433.4
-8.409999847412111,32.310001373291016,24901786.8
-8.409999847412111,32.060001373291016,25354380.9
-8.409999847412111,31.809999465942386,25177732.599999998
-8.409999847412111,31.559999465942386,24962930.6
-8.409999847412111,31.309999465942386,25792366.1
-8.409999847412111,31.059999465942386,27146887.699999996
-8.409999847412111,30.809999465942386,27240706.9
-8.409999847412111,30.559999465942386,27141637.499999996
-8.409999847412111,30.309999465942386,28060065.2
-8.409999847412111,30.059999465942386,28138100.799999997
-8.409999847412111,29.809999465942386,27938136.3
-8.409999847412111,29.559999465942386,27784901.8
-8.409999847412111,29.309999465942386,27543229.4
-8.409999847412111,29.059999465942386,27124940.900000002
-8.409999847412111,28.809999465942386,26979435.1
-8.409999847412111,28.559999465942386,26141977.7
-8.409999847412111,28.309999465942386,24284806.099999998
-8.409999847412111,28.059999465942386,23848354.099999998
-8.409999847412111,27.809999465942386,23774818.5
-8.409999847412111,27.559999465942386,23540971.9
-8.159999847412111,35.810001373291016,28305194.3
-8.159999847412111,35.560001373291016,28328249.400000002
-8.159999847412111,35.310001373291016,28407850.9
-8.159999847412111,35.060001373291016,28547030.3
-8.159999847412111,34.810001373291016,28653762.7
-8.159999847412111,34.560001373291016,28658034.9
-8.159999847412111,34.310001373291016,28593956.599999998
-8.159999847412111,34.060001373291016,28514811.6
-8.159999847412111,33.810001373291016,28455265.4
-8.159999847412111,33.560001373291016,27728356.8
-8.159999847412111,33.310001373291016,26091791.2
-8.159999847412111,33.060001373291016,25017128.5
-8.159999847412111,32.810001373291016,25078076.5
-8.159999847412111,32.560001373291016,25145481.400000002
-8.159999847412111,32.310001373291016,25020813.3
-8.159999847412111,32.060001373291016,25527573.2
-8.159999847412111,31.809999465942386,25993439.3
-8.159999847412111,31.559999465942386,25831563.4
-8.159999847412111,31.309999465942386,26492111.3
-8.159999847412111,31.059999465942386,27763804.000000004
-8.159999847412111,30.809999465942386,27988454.1
-8.159999847412111,30.559999465942386,27931549.0
-8.159999847412111,30.309999465942386,28498799.900000002
-8.159999847412111,30.059999465942386,28478353.5
-8.159999847412111,29.809999465942386,28108458.499999996
-8.159999847412111,29.559999465942386,27706181.0
-8.159999847412111,29.309999465942386,27395734.500000004
-8.159999847412111,29.059999465942386,27204574.4
-8.159999847412111,28.809999465942386,26763914.900000002
-8.159999847412111,28.559999465942386,25335369.900000002
-8.159999847412111,28.309999465942386,23717685.3
-8.159999847412111,28.059999465942386,23408183.9
-8.159999847412111,27.809999465942386,23321082.4
-8.159999847412111,27.559999465942386,23021201.3
-7.9099998474121085,35.810001373291016,28343641.699999996
-7.9099998474121085,35.560001373291016,28373871.3
-7.9099998474121085,35.310001373291016,28444504.5
-7.9099998474121085,35.060001373291016,28533627.400000002
-7.9099998474121085,34.810001373291016,28623272.4
-7.9099998474121085,34.560001373291016,28611304.800000004
-7.9099998474121085,34.310001373291016,28554432.9
-7.9099998474121085,34.060001373291016,28503626.5
-7.9099998474121085,33.810001373291016,28387404.599999998
-7.9099998474121085,33.560001373291016,27277817.099999998
-7.9099998474121085,33.310001373291016,25266171.400000002
-7.9099998474121085,33.060001373291016,25413013.900000002
-7.9099998474121085,32.810001373291016,25520659.299999997
-7.9099998474121085,32.560001373291016,25577237.8
-7.9099998474121085,32.310001373291016,25293204.599999998
-7.9099998474121085,32.060001373291016,25803290.2
-7.9099998474121085,31.809999465942386,26396140.2
-7.9099998474121085,31.559999465942386,26834874.9
-7.9099998474121085,31.309999465942386,27559892.9
-7.9099998474121085,31.059999465942386,28153590.900000002
-7.9099998474121085,30.809999465942386,28510278.5
-7.9099998474121085,30.559999465942386,28243561.6
-7.9099998474121085,30.309999465942386,28714808.999999996
-7.9099998474121085,30.059999465942386,28567998.4
-7.9099998474121085,29.809999465942386,28088175.000000004
-7.9099998474121085,29.559999465942386,27637179.2
-7.9099998474121085,29.309999465942386,27439757.8
-7.9099998474121085,29.059999465942386,27008425.5
-7.9099998474121085,28.809999465942386,26062669.8
-7.9099998474121085,28.559999465942386,24685810.799999997
-7.9099998474121085,28.309999465942386,23389009.3
-7.9099998474121085,28.059999465942386,23301418.8
-7.9099998474121085,27.809999465942386,22868684.3
-7.9099998474121085,27.559999465942386,21973931.300000004
-7.6599998474121085,35.810001373291016,28425101.4
-7.6599998474121085,35.560001373291016,28464070.700000003
-7.6599998474121085,35.310001373291016,28504669.700000003
-7.6599998474121085,35.060001373291016,28561443.499999996
-7.6599998474121085,34.810001373291016,28573966.2
-7.6599998474121085,34.560001373291016,28567639.900000002
-7.6599998474121085,34.310001373291016,28562031.0
-7.6599998474121085,34.060001373291016,28541519.6
-7.6599998474121085,33.810001373291016,28145177.4
-7.6599998474121085,33.560001373291016,26869409.1
-7.6599998474121085,33.310001373291016,25754603.700000003
-7.6599998474121085,33.060001373291016,25853933.4
-7.6599998474121085,32.810001373291016,25735559.8
-7.6599998474121085,32.560001373291016,25874999.499999996
-7.6599998474121085,32.310001373291016,25269758.299999997
-7.6599998474121085,32.060001373291016,25638772.499999996
-7.6599998474121085,31.809999465942386,26445283.099999998
-7.6599998474121085,31.559999465942386,27206890.0
-7.6599998474121085,31.309999465942386,27986954.0
-7.6599998474121085,31.059999465942386,27974789.9
-7.6599998474121085,30.809999465942386,28356392.399999995
-7.6599998474121085,30.559999465942386,28297824.4
-7.6599998474121085,30.309999465942386,28639382.000000004
-7.6599998474121085,30.059999465942386,28420601.3
-7.6599998474121085,29.809999465942386,27931940.4
-7.6599998474121085,29.559999465942386,27578317.6
-7.6599998474121085,29.309999465942386,27417518.0
-7.6599998474121085,29.059999465942386,26542102.400000002
-7.6599998474121085,28.809999465942386,24432170.6
-7.6599998474121085,28.559999465942386,23739110.0
-7.6599998474121085,28.309999465942386,23781013.8
-7.6599998474121085,28.059999465942386,23599376.5
-7.6599998474121085,27.809999465942386,22197504.900000002
-7.6599998474121085,27.559999465942386,21211281.0
-7.4099998474121085,35.810001373291016,28511062.0
-7.4099998474121085,35.560001373291016,28543540.799999997
-7.4099998474121085,35.310001373291016,28556519.400000002
-7.4099998474121085,35.060001373291016,28517388.0
-7.4099998474121085,34.810001373291016,28506463.5
-7.4099998474121085,34.560001373291016,28481745.100000005
-7.4099998474121085,34.310001373291016,28505615.9
-7.4099998474121085,34.060001373291016,28597445.0
-7.4099998474121085,33.810001373291016,28143970.3
-7.4099998474121085,33.560001373291016,26661813.599999998
-7.4099998474121085,33.310001373291016,25904642.1
-7.4099998474121085,33.060001373291016,25694568.2
-7.4099998474121085,32.810001373291016,25625696.200000003
-7.4099998474121085,32.560001373291016,25416307.6
-7.4099998474121085,32.310001373291016,25116067.5
-7.4099998474121085,32.060001373291016,25572998.4
-7.4099998474121085,31.809999465942386,26583452.1
-7.4099998474121085,31.559999465942386,27447812.3
-7.4099998474121085,31.309999465942386,27900635.0
-7.4099998474121085,31.059999465942386,27911689.700000003
-7.4099998474121085,30.809999465942386,28570150.6
-7.4099998474121085,30.559999465942386,28165363.3
-7.4099998474121085,30.309999465942386,28518920.599999998
-7.4099998474121085,30.059999465942386,28049988.5
-7.4099998474121085,29.809999465942386,27735888.799999997
-7.4099998474121085,29.559999465942386,27841317.400000002
-7.4099998474121085,29.309999465942386,27575187.099999998
-7.4099998474121085,29.059999465942386,25989754.0
-7.4099998474121085,28.809999465942386,23474871.400000002
-7.4099998474121085,28.559999465942386,22997884.7
-7.4099998474121085,28.309999465942386,23513449.099999998
-7.4099998474121085,28.059999465942386,23344399.099999998
-7.4099998474121085,27.809999465942386,21769237.900000002
-7.4099998474121085,27.559999465942386,21032676.5
-7.1599998474121085,35.810001373291016,28595293.2
-7.1599998474121085,35.560001373291016,28605891.299999997
-7.1599998474121085,35.310001373291016,28541323.400000002
-7.1599998474121085,35.060001373291016,28452591.600000005
-7.1599998474121085,34.810001373291016,28318727.5
-7.1599998474121085,34.560001373291016,28302846.700000003
-7.1599998474121085,34.310001373291016,28373480.400000002
-7.1599998474121085,34.060001373291016,28374327.499999996
-7.1599998474121085,33.810001373291016,27369613.8
-7.1599998474121085,33.560001373291016,26006939.900000002
-7.1599998474121085,33.310001373291016,25953426.5
-7.1599998474121085,33.060001373291016,25578672.5
-7.1599998474121085,32.810001373291016,25356012.000000004
-7.1599998474121085,32.560001373291016,25104295.1
-7.1599998474121085,32.310001373291016,25164591.099999998
-7.1599998474121085,32.060001373291016,25578510.0
-7.1599998474121085,31.809999465942386,26556353.0
-7.1599998474121085,31.559999465942386,27358983.1
-7.1599998474121085,31.309999465942386,27591915.499999996
-7.1599998474121085,31.059999465942386,27872916.8
-7.1599998474121085,30.809999465942386,29039115.2
-7.1599998474121085,30.559999465942386,28570770.299999997
-7.1599998474121085,30.309999465942386,28501833.0
-7.1599998474121085,30.059999465942386,28086935.6
-7.1599998474121085,29.809999465942386,27616569.3
-7.1599998474121085,29.559999465942386,27758292.0
-7.1599998474121085,29.309999465942386,27467541.9
-7.1599998474121085,29.059999465942386,25884554.9
-7.1599998474121085,28.809999465942386,23549418.0
-7.1599998474121085,28.559999465942386,22837737.1
-7.1599998474121085,28.309999465942386,22458287.200000003
-7.1599998474121085,28.059999465942386,22167080.4
-7.1599998474121085,27.809999465942386,21716572.7
-7.1599998474121085,27.559999465942386,21146191.9
-6.9099998474121085,35.810001373291016,28650371.400000002
-6.9099998474121085,35.560001373291016,28620598.499999996
-6.9099998474121085,35.310001373291016,28497854.4
-6.9099998474121085,35.060001373291016,28238279.5
-6.9099998474121085,34.810001373291016,28070304.200000003
-6.9099998474121085,34.560001373291016,28063782.8
-6.9099998474121085,34.310001373291016,28052173.2
-6.9099998474121085,34.060001373291016,27246184.799999997
-6.9099998474121085,33.810001373291016,26246916.200000003
-6.9099998474121085,33.560001373291016,25914294.700000003
-6.9099998474121085,33.310001373291016,25770517.5
-6.9099998474121085,33.060001373291016,25434438.499999996
-6.9099998474121085,32.810001373291016,25045629.5
-6.9099998474121085,32.560001373291016,25232060.500000004
-6.9099998474121085,32.310001373291016,25446373.9
-6.9099998474121085,32.060001373291016,26038343.2
-6.9099998474121085,31.809999465942386,26971249.799999993
-6.9099998474121085,31.559999465942386,27636331.0
-6.9099998474121085,31.309999465942386,27755814.1
-6.9099998474121085,31.059999465942386,28130666.1
-6.9099998474121085,30.809999465942386,29393618.6
-6.9099998474121085,30.559999465942386,29346268.5
-6.9099998474121085,30.309999465942386,28930653.7
-6.9099998474121085,30.059999465942386,28246040.2
-6.9099998474121085,29.809999465942386,27665451.6
-6.9099998474121085,29.559999465942386,27387613.999999996
-6.9099998474121085,29.309999465942386,27058416.5
-6.9099998474121085,29.059999465942386,26137216.900000002
-6.9099998474121085,28.809999465942386,24006708.000000004
-6.9099998474121085,28.559999465942386,22558106.4
-6.9099998474121085,28.309999465942386,22054673.499999996
-6.9099998474121085,28.059999465942386,21625167.0
-6.9099998474121085,27.809999465942386,21415517.499999996
-6.9099998474121085,27.559999465942386,21789977.799999997
-6.6599998474121085,35.810001373291016,28587955.700000003
-6.6599998474121085,35.560001373291016,28546182.7
-6.6599998474121085,35.310001373291016,28332782.6
-6.6599998474121085,35.060001373291016,28016693.9
-6.6599998474121085,34.810001373291016,27517206.5
-6.6599998474121085,34.560001373291016,27470737.6
-6.6599998474121085,34.310001373291016,26846321.0
-6.6599998474121085,34.060001373291016,25925316.499999996
-6.6599998474121085,33.810001373291016,25660295.1
-6.6599998474121085,33.560001373291016,25594716.5
-6.6599998474121085,33.310001373291016,25594977.900000002
-6.6599998474121085,33.060001373291016,25464179.1
-6.6599998474121085,32.810001373291016,24627993.2
-6.6599998474121085,32.560001373291016,25239366.300000004
-6.6599998474121085,32.310001373291016,26171163.7
-6.6599998474121085,32.060001373291016,26816222.2
-6.6599998474121085,31.809999465942386,27321155.1
-6.6599998474121085,31.559999465942386,27881623.200000003
-6.6599998474121085,31.309999465942386,28146286.4
-6.6599998474121085,31.059999465942386,28460320.4
-6.6599998474121085,30.809999465942386,29599843.899999995
-6.6599998474121085,30.559999465942386,29554842.5
-6.6599998474121085,30.309999465942386,29103552.900000002
-6.6599998474121085,30.059999465942386,28296748.599999998
-6.6599998474121085,29.809999465942386,27520924.1
-6.6599998474121085,29.559999465942386,27224824.9
-6.6599998474121085,29.309999465942386,26631421.4
-6.6599998474121085,29.059999465942386,25735722.900000002
-6.6599998474121085,28.809999465942386,24852154.900000002
-6.6599998474121085,28.559999465942386,23038419.0
-6.6599998474121085,28.309999465942386,22253626.9
-6.6599998474121085,28.059999465942386,21620210.5
-6.6599998474121085,27.809999465942386,21528902.5
-6.6599998474121085,27.559999465942386,22021965.299999997
-6.4099998474121085,35.810001373291016,28349348.5
-6.4099998474121085,35.560001373291016,28226180.7
-6.4099998474121085,35.310001373291016,27968398.2
-6.4099998474121085,35.060001373291016,27468878.7
-6.4099998474121085,34.810001373291016,26657541.7
-6.4099998474121085,34.560001373291016,25887229.0
-6.4099998474121085,34.310001373291016,25141177.200000003
-6.4099998474121085,34.060001373291016,24665690.6
-6.4099998474121085,33.810001373291016,24980964.000000004
-6.4099998474121085,33.560001373291016,25785811.4
-6.4099998474121085,33.310001373291016,26047311.3
-6.4099998474121085,33.060001373291016,25928903.900000002
-6.4099998474121085,32.810001373291016,25045760.2
-6.4099998474121085,32.560001373291016,25671741.8
-6.4099998474121085,32.310001373291016,26791471.3
-6.4099998474121085,32.060001373291016,27331688.5
-6.4099998474121085,31.809999465942386,27653157.4
-6.4099998474121085,31.559999465942386,27569153.9
-6.4099998474121085,31.309999465942386,27833132.4
-6.4099998474121085,31.059999465942386,28716667.399999995
-6.4099998474121085,30.809999465942386,29648433.0
-6.4099998474121085,30.559999465942386,29392770.4
-6.4099998474121085,30.309999465942386,29007809.499999996
-6.4099998474121085,30.059999465942386,27968170.3
-6.4099998474121085,29.809999465942386,27228053.7
-6.4099998474121085,29.559999465942386,26710337.2
-6.4099998474121085,29.309999465942386,26167446.3
-6.4099998474121085,29.059999465942386,25728319.9
-6.4099998474121085,28.809999465942386,25213864.6
-6.4099998474121085,28.559999465942386,23449859.4
-6.4099998474121085,28.309999465942386,22709025.699999996
-6.4099998474121085,28.059999465942386,21573088.900000002
-6.4099998474121085,27.809999465942386,21440398.900000002
-6.4099998474121085,27.559999465942386,22082097.900000002
-6.1599998474121085,35.810001373291016,27817838.4
-6.1599998474121085,35.560001373291016,27549490.099999998
-6.1599998474121085,35.310001373291016,26611105.5
-6.1599998474121085,35.060001373291016,25978047.299999997
-6.1599998474121085,34.810001373291016,25170917.599999998
-6.1599998474121085,34.560001373291016,24288164.6
-6.1599998474121085,34.310001373291016,24187204.200000003
-6.1599998474121085,34.060001373291016,24116505.7
-6.1599998474121085,33.810001373291016,24732736.299999997
-6.1599998474121085,33.560001373291016,25917067.000000004
-6.1599998474121085,33.310001373291016,26463675.4
-6.1599998474121085,33.060001373291016,26348529.7
-6.1599998474121085,32.810001373291016,25842194.200000003
-6.1599998474121085,32.560001373291016,26449392.500000004
-6.1599998474121085,32.310001373291016,27255674.7
-6.1599998474121085,32.060001373291016,27686778.8
-6.1599998474121085,31.809999465942386,27555849.900000002
-6.1599998474121085,31.559999465942386,27520174.099999998
-6.1599998474121085,31.309999465942386,27972181.4
-6.1599998474121085,31.059999465942386,29052876.3
-6.1599998474121085,30.809999465942386,29328593.9
-6.1599998474121085,30.559999465942386,29088878.2
-6.1599998474121085,30.309999465942386,28501343.4
-6.1599998474121085,30.059999465942386,27608155.5
-6.1599998474121085,29.809999465942386,26901073.400000002
-6.1599998474121085,29.559999465942386,26241210.0
-6.1599998474121085,29.309999465942386,25642099.500000004
-6.1599998474121085,29.059999465942386,25395371.5
-6.1599998474121085,28.809999465942386,24679680.3
-6.1599998474121085,28.559999465942386,23420771.099999994
-6.1599998474121085,28.309999465942386,22528496.7
-6.1599998474121085,28.059999465942386,21318046.5
-6.1599998474121085,27.809999465942386,21123592.700000003
-6.1599998474121085,27.559999465942386,21729649.3
-5.9099998474121085,35.810001373291016,27225151.4
-5.9099998474121085,35.560001373291016,26151858.2
-5.9099998474121085,35.310001373291016,25075369.500000004
-5.9099998474121085,35.060001373291016,24389744.8
-5.9099998474121085,34.810001373291016,23940444.099999998
-5.9099998474121085,34.560001373291016,23785840.2
-5.9099998474121085,34.310001373291016,23973511.2
-5.9099998474121085,34.060001373291016,24298599.8
-5.9099998474121085,33.810001373291016,24943494.8
-5.9099998474121085,33.560001373291016,26024223.2
-5.9099998474121085,33.310001373291016,26582016.999999996
-5.9099998474121085,33.060001373291016,26542102.599999998
-5.9099998474121085,32.810001373291016,26368845.6
-5.9099998474121085,32.560001373291016,26989446.8
-5.9099998474121085,32.310001373291016,27542577.2
-5.9099998474121085,32.060001373291016,27163421.2
-5.9099998474121085,31.809999465942386,27100320.3
-5.9099998474121085,31.559999465942386,27580535.3
-5.9099998474121085,31.309999465942386,28010139.500000004
-5.9099998474121085,31.059999465942386,29141901.900000002
-5.9099998474121085,30.809999465942386,29124358.0
-5.9099998474121085,30.559999465942386,28682785.599999998
-5.9099998474121085,30.309999465942386,28047966.8
-5.9099998474121085,30.059999465942386,27324970.400000002
-5.9099998474121085,29.809999465942386,26794438.400000002
-5.9099998474121085,29.559999465942386,25939632.4
-5.9099998474121085,29.309999465942386,24987355.9
-5.9099998474121085,29.059999465942386,24637450.2
-5.9099998474121085,28.809999465942386,24343080.2
-5.9099998474121085,28.559999465942386,23452207.599999998
-5.9099998474121085,28.309999465942386,22134535.6
-5.9099998474121085,28.059999465942386,20971989.0
-5.9099998474121085,27.809999465942386,20751838.7
-5.9099998474121085,27.559999465942386,21272326.800000004
-5.6599998474121085,35.810001373291016,26627507.900000002
-5.6599998474121085,35.560001373291016,25556661.4
-5.6599998474121085,35.310001373291016,24894873.4
-5.6599998474121085,35.060001373291016,24517087.0
-5.6599998474121085,34.810001373291016,24013882.299999997
-5.6599998474121085,34.560001373291016,23888007.299999997
-5.6599998474121085,34.310001373291016,24129973.499999996
-5.6599998474121085,34.060001373291016,24567795.5
-5.6599998474121085,33.810001373291016,25290302.599999998
-5.6599998474121085,33.560001373291016,26159457.2
-5.6599998474121085,33.310001373291016,26555667.9
-5.6599998474121085,33.060001373291016,26622746.999999996
-5.6599998474121085,32.810001373291016,26852059.8
-5.6599998474121085,32.560001373291016,27216836.599999998
-5.6599998474121085,32.310001373291016,27181030.2
-5.6599998474121085,32.060001373291016,26851571.5
-5.6599998474121085,31.809999465942386,26882322.6
-5.6599998474121085,31.559999465942386,27508140.7
-5.6599998474121085,31.309999465942386,28453472.3
-5.6599998474121085,31.059999465942386,29220915.700000003
-5.6599998474121085,30.809999465942386,28542693.2
-5.6599998474121085,30.559999465942386,28167319.2
-5.6599998474121085,30.309999465942386,27963115.6
-5.6599998474121085,30.059999465942386,27095526.4
-5.6599998474121085,29.809999465942386,26327039.299999997
-5.6599998474121085,29.559999465942386,25447059.0
-5.6599998474121085,29.309999465942386,24751128.8
-5.6599998474121085,29.059999465942386,24528761.5
-5.6599998474121085,28.809999465942386,24746009.1
-5.6599998474121085,28.559999465942386,23635540.900000002
-5.6599998474121085,28.309999465942386,22358565.9
-5.6599998474121085,28.059999465942386,20971043.2
-5.6599998474121085,27.809999465942386,20473512.599999998
-5.6599998474121085,27.559999465942386,21087884.7
-5.4099998474121085,35.810001373291016,27058677.2
-5.4099998474121085,35.560001373291016,25922479.9
-5.4099998474121085,35.310001373291016,25220451.8
-5.4099998474121085,35.060001373291016,24819968.3
-5.4099998474121085,34.810001373291016,24330329.400000002
-5.4099998474121085,34.560001373291016,24054937.9
-5.4099998474121085,34.310001373291016,24204258.799999997
-5.4099998474121085,34.060001373291016,24638232.900000006
-5.4099998474121085,33.810001373291016,25393512.900000002
-5.4099998474121085,33.560001373291016,26176740.000000004
-5.4099998474121085,33.310001373291016,26629595.200000003
-5.4099998474121085,33.060001373291016,26896866.200000003
-5.4099998474121085,32.810001373291016,26787231.699999996
-5.4099998474121085,32.560001373291016,27000925.100000005
-5.4099998474121085,32.310001373291016,27219118.8
-5.4099998474121085,32.060001373291016,27412560.7
-5.4099998474121085,31.809999465942386,27131137.1
-5.4099998474121085,31.559999465942386,27335895.300000004
-5.4099998474121085,31.309999465942386,28540443.3
-5.4099998474121085,31.059999465942386,28772593.6
-5.4099998474121085,30.809999465942386,28038835.9
-5.4099998474121085,30.559999465942386,27717595.1
-5.4099998474121085,30.309999465942386,27556892.7
-5.4099998474121085,30.059999465942386,26845701.3
-5.4099998474121085,29.809999465942386,25809681.8
-5.4099998474121085,29.559999465942386,24851045.5
-5.4099998474121085,29.309999465942386,24475443.6
-5.4099998474121085,29.059999465942386,24610612.299999997
-5.4099998474121085,28.809999465942386,24855611.400000002
-5.4099998474121085,28.559999465942386,23766078.7
-5.4099998474121085,28.309999465942386,22620750.799999997
-5.4099998474121085,28.059999465942386,21238510.400000002
-5.4099998474121085,27.809999465942386,20781709.5
-5.4099998474121085,27.559999465942386,21713344.4
-5.1599998474121085,35.810001373291016,27834697.7
-5.1599998474121085,35.560001373291016,26831483.400000002
-5.1599998474121085,35.310001373291016,25924958.5
-5.1599998474121085,35.060001373291016,25307683.6
-5.1599998474121085,34.810001373291016,24762966.2
-5.1599998474121085,34.560001373291016,24426855.1
-5.1599998474121085,34.310001373291016,24199824.3
-5.1599998474121085,34.060001373291016,24608982.2
-5.1599998474121085,33.810001373291016,25534844.599999998
-5.1599998474121085,33.560001373291016,26299745.3
-5.1599998474121085,33.310001373291016,26457545.000000004
-5.1599998474121085,33.060001373291016,26555081.0
-5.1599998474121085,32.810001373291016,26003189.499999996
-5.1599998474121085,32.560001373291016,26557070.199999996
-5.1599998474121085,32.310001373291016,27500901.9
-5.1599998474121085,32.060001373291016,27715214.599999998
-5.1599998474121085,31.809999465942386,27060568.700000003
-5.1599998474121085,31.559999465942386,27163681.700000003
-5.1599998474121085,31.309999465942386,28416460.2
-5.1599998474121085,31.059999465942386,28406872.5
-5.1599998474121085,30.809999465942386,27690039.299999997
-5.1599998474121085,30.559999465942386,27062786.299999997
-5.1599998474121085,30.309999465942386,26211926.0
-5.1599998474121085,30.059999465942386,25761093.299999997
-5.1599998474121085,29.809999465942386,25141177.200000003
-5.1599998474121085,29.559999465942386,24377451.2
-5.1599998474121085,29.309999465942386,24203900.5
-5.1599998474121085,29.059999465942386,24483139.8
-5.1599998474121085,28.809999465942386,24747150.400000002
-5.1599998474121085,28.559999465942386,23843820.7
-5.1599998474121085,28.309999465942386,22643610.3
-5.1599998474121085,28.059999465942386,21466845.4
-5.1599998474121085,27.809999465942386,21198726.500000004
-5.1599998474121085,27.559999465942386,22366620.5
-4.9099998474121085,35.810001373291016,28291465.8
-4.9099998474121085,35.560001373291016,28018650.700000003
-4.9099998474121085,35.310001373291016,26976369.7
-4.9099998474121085,35.060001373291016,25536801.200000003
-4.9099998474121085,34.810001373291016,25128296.200000003
-4.9099998474121085,34.560001373291016,24584328.4
-4.9099998474121085,34.310001373291016,24339949.599999998
-4.9099998474121085,34.060001373291016,24701072.299999997
-4.9099998474121085,33.810001373291016,25577400.8
-4.9099998474121085,33.560001373291016,25929947.599999998
-4.9099998474121085,33.310001373291016,25981439.3
-4.9099998474121085,33.060001373291016,25588586.2
-4.9099998474121085,32.810001373291016,25318183.900000002
-4.9099998474121085,32.560001373291016,26780644.9
-4.9099998474121085,32.310001373291016,27798957.2
-4.9099998474121085,32.060001373291016,27415462.8
-4.9099998474121085,31.809999465942386,26502513.700000003
-4.9099998474121085,31.559999465942386,26833570.700000003
-4.9099998474121085,31.309999465942386,28052956.4
-4.9099998474121085,31.059999465942386,27702202.999999996
-4.9099998474121085,30.809999465942386,27031611.5
-4.9099998474121085,30.559999465942386,25600358.100000005
-4.9099998474121085,30.309999465942386,24598938.099999998
-4.9099998474121085,30.059999465942386,24702898.3
-4.9099998474121085,29.809999465942386,24528663.5
-4.9099998474121085,29.559999465942386,24270978.9
-4.9099998474121085,29.309999465942386,24054774.900000002
-4.9099998474121085,29.059999465942386,24125864.799999997
-4.9099998474121085,28.809999465942386,24507010.5
-4.9099998474121085,28.559999465942386,24073591.000000004
-4.9099998474121085,28.309999465942386,22612010.800000004
-4.9099998474121085,28.059999465942386,21813000.699999996
-4.9099998474121085,27.809999465942386,21489052.7
-4.9099998474121085,27.559999465942386,22658284.399999995
-4.6599998474121085,35.810001373291016,28503006.9
-4.6599998474121085,35.560001373291016,28286248.2
-4.6599998474121085,35.310001373291016,28078066.0
-4.6599998474121085,35.060001373291016,26264200.1
-4.6599998474121085,34.810001373291016,25536671.4
-4.6599998474121085,34.560001373291016,24817849.099999998
-4.6599998474121085,34.310001373291016,24523771.8
-4.6599998474121085,34.060001373291016,24919037.4
-4.6599998474121085,33.810001373291016,25596151.5
-4.6599998474121085,33.560001373291016,25868934.4
-4.6599998474121085,33.310001373291016,25219115.099999998
-4.6599998474121085,33.060001373291016,24850784.9
-4.6599998474121085,32.810001373291016,25455766.3
-4.6599998474121085,32.560001373291016,27056003.5
-4.6599998474121085,32.310001373291016,27723204.3
-4.6599998474121085,32.060001373291016,26751980.299999997
-4.6599998474121085,31.809999465942386,25514822.2
-4.6599998474121085,31.559999465942386,26188023.0
-4.6599998474121085,31.309999465942386,27689387.099999998
-4.6599998474121085,31.059999465942386,27122658.099999998
-4.6599998474121085,30.809999465942386,26278646.599999998
-4.6599998474121085,30.559999465942386,24616091.000000004
-4.6599998474121085,30.309999465942386,24513303.799999997
-4.6599998474121085,30.059999465942386,24589839.800000004
-4.6599998474121085,29.809999465942386,24544088.1
-4.6599998474121085,29.559999465942386,24351004.2
-4.6599998474121085,29.309999465942386,24193008.7
-4.6599998474121085,29.059999465942386,24064785.9
-4.6599998474121085,28.809999465942386,23522579.599999998
-4.6599998474121085,28.559999465942386,23450870.5
-4.6599998474121085,28.309999465942386,22657436.7
-4.6599998474121085,28.059999465942386,21875253.500000004
-4.6599998474121085,27.809999465942386,21739627.9
-4.6599998474121085,27.559999465942386,22881075.6
-4.4099998474121085,35.810001373291016,28666187.6
-4.4099998474121085,35.560001373291016,28673622.2
-4.4099998474121085,35.310001373291016,28537377.5
-4.4099998474121085,35.060001373291016,26507861.7
-4.4099998474121085,34.810001373291016,25840595.7
-4.4099998474121085,34.560001373291016,25286356.700000003
-4.4099998474121085,34.310001373291016,24959963.400000002
-4.4099998474121085,34.060001373291016,25354739.9
-4.4099998474121085,33.810001373291016,26065670.2
-4.4099998474121085,33.560001373291016,25975471.599999998
-4.4099998474121085,33.310001373291016,25031933.5
-4.4099998474121085,33.060001373291016,24805717.3
-4.4099998474121085,32.810001373291016,25408612.0
-4.4099998474121085,32.560001373291016,26967793.5
-4.4099998474121085,32.310001373291016,27526076.199999996
-4.4099998474121085,32.060001373291016,26249395.3
-4.4099998474121085,31.809999465942386,24879481.700000003
-4.4099998474121085,31.559999465942386,25373620.7
-4.4099998474121085,31.309999465942386,26916106.599999998
-4.4099998474121085,31.059999465942386,26829396.7
-4.4099998474121085,30.809999465942386,25810627.799999997
-4.4099998474121085,30.559999465942386,24788467.2
-4.4099998474121085,30.309999465942386,24483335.8
-4.4099998474121085,30.059999465942386,24442670.599999998
-4.4099998474121085,29.809999465942386,24494357.499999996
-4.4099998474121085,29.559999465942386,24551458.0
-4.4099998474121085,29.309999465942386,24385114.3
-4.4099998474121085,29.059999465942386,23669194.3
-4.4099998474121085,28.809999465942386,22911697.000000004
-4.4099998474121085,28.559999465942386,22698949.099999998
-4.4099998474121085,28.309999465942386,22287867.4
-4.4099998474121085,28.059999465942386,22241855.0
-4.4099998474121085,27.809999465942386,22153807.599999998
-4.4099998474121085,27.559999465942386,23512014.400000002
-4.1599998474121085,35.810001373291016,28801094.8
-4.1599998474121085,35.560001373291016,28814627.900000002
-4.1599998474121085,35.310001373291016,28757690.700000003
-4.1599998474121085,35.060001373291016,26688031.999999996
-4.1599998474121085,34.810001373291016,26078389.0
-4.1599998474121085,34.560001373291016,25511658.7
-4.1599998474121085,34.310001373291016,25174830.400000002
-4.1599998474121085,34.060001373291016,25536540.200000003
-4.1599998474121085,33.810001373291016,26307701.7
-4.1599998474121085,33.560001373291016,25974460.1
-4.1599998474121085,33.310001373291016,24894841.1
-4.1599998474121085,33.060001373291016,24285882.1
-4.1599998474121085,32.810001373291016,25323206.3
-4.1599998474121085,32.560001373291016,27130549.700000003
-4.1599998474121085,32.310001373291016,27227662.599999998
-4.1599998474121085,32.060001373291016,25890685.1
-4.1599998474121085,31.809999465942386,24702050.5
-4.1599998474121085,31.559999465942386,25100936.900000002
-4.1599998474121085,31.309999465942386,26054681.1
-4.1599998474121085,31.059999465942386,26413456.400000002
-4.1599998474121085,30.809999465942386,25679991.9
-4.1599998474121085,30.559999465942386,24845176.100000005
-4.1599998474121085,30.309999465942386,24644820.1
-4.1599998474121085,30.059999465942386,24689887.3
-4.1599998474121085,29.809999465942386,24857209.0
-4.1599998474121085,29.559999465942386,24890634.300000004
-4.1599998474121085,29.309999465942386,24690539.099999998
-4.1599998474121085,29.059999465942386,24001326.9
-4.1599998474121085,28.809999465942386,22596879.7
-4.1599998474121085,28.559999465942386,22367109.8
-4.1599998474121085,28.309999465942386,22591662.5
-4.1599998474121085,28.059999465942386,22677524.5
-4.1599998474121085,27.809999465942386,22790485.6
-4.1599998474121085,27.559999465942386,24187758.599999998
-3.910000085830689,35.810001373291016,28887315.4
-3.910000085830689,35.560001373291016,28858488.099999998
-3.910000085830689,35.310001373291016,28820106.300000004
-3.910000085830689,35.060001373291016,26595876.799999997
-3.910000085830689,34.810001373291016,25934186.4
-3.910000085830689,34.560001373291016,24991758.1
-3.910000085830689,34.310001373291016,24368972.599999998
-3.910000085830689,34.060001373291016,24694712.799999997
-3.910000085830689,33.810001373291016,25672589.5
-3.910000085830689,33.560001373291016,25574140.1
-3.910000085830689,33.310001373291016,24275674.7
-3.910000085830689,33.060001373291016,23844375.0
-3.910000085830689,32.810001373291016,25125067.5
-3.910000085830689,32.560001373291016,27251467.9
-3.910000085830689,32.310001373291016,27241848.1
-3.910000085830689,32.060001373291016,25625925.1
-3.910000085830689,31.809999465942386,24443877.9
-3.910000085830689,31.559999465942386,24697974.7
-3.910000085830689,31.309999465942386,25622239.799999997
-3.910000085830689,31.059999465942386,25984047.500000004
-3.910000085830689,30.809999465942386,25254171.2
-3.910000085830689,30.559999465942386,24863503.3
-3.910000085830689,30.309999465942386,24700583.799999997
-3.910000085830689,30.059999465942386,24845176.199999996
-3.910000085830689,29.809999465942386,24902895.600000005
-3.910000085830689,29.559999465942386,24853393.6
-3.910000085830689,29.309999465942386,24753020.4
-3.910000085830689,29.059999465942386,24462563.099999998
-3.910000085830689,28.809999465942386,22912381.5
-3.910000085830689,28.559999465942386,22604412.900000002
-3.910000085830689,28.309999465942386,22980960.199999996
-3.910000085830689,28.059999465942386,23121117.8
-3.910000085830689,27.809999465942386,23345540.0
-3.910000085830689,27.559999465942386,24392451.1
-3.660000085830689,35.810001373291016,28860248.9
-3.660000085830689,35.560001373291016,28785767.9
-3.660000085830689,35.310001373291016,28614043.9
-3.660000085830689,35.060001373291016,26136303.5
-3.660000085830689,34.810001373291016,24942027.8
-3.660000085830689,34.560001373291016,24056046.9
-3.660000085830689,34.310001373291016,23226937.8
-3.660000085830689,34.060001373291016,23670922.8
-3.660000085830689,33.810001373291016,24405691.200000003
-3.660000085830689,33.560001373291016,24413713.400000002
-3.660000085830689,33.310001373291016,23686836.5
-3.660000085830689,33.060001373291016,23564516.500000004
-3.660000085830689,32.810001373291016,25245757.3
-3.660000085830689,32.560001373291016,27245923.900000002
-3.660000085830689,32.310001373291016,26930096.299999997
-3.660000085830689,32.060001373291016,25364164.1
-3.660000085830689,31.809999465942386,24293316.999999996
-3.660000085830689,31.559999465942386,24454149.400000002
-3.660000085830689,31.309999465942386,24675669.0
-3.660000085830689,31.059999465942386,24954615.2
-3.660000085830689,30.809999465942386,24532902.799999997
-3.660000085830689,30.559999465942386,24455780.200000003
-3.660000085830689,30.309999465942386,23959684.6
-3.660000085830689,30.059999465942386,24057775.000000004
-3.660000085830689,29.809999465942386,24312556.7
-3.660000085830689,29.559999465942386,24378070.8
-3.660000085830689,29.309999465942386,24417137.5
-3.660000085830689,29.059999465942386,24192617.5
-3.660000085830689,28.809999465942386,23093138.900000002
-3.660000085830689,28.559999465942386,22765962.7
-3.660000085830689,28.309999465942386,23296200.899999995
-3.660000085830689,28.059999465942386,23433456.499999996
-3.660000085830689,27.809999465942386,23646400.1
-3.660000085830689,27.559999465942386,24655940.5
-3.4100000858306885,35.810001373291016,28833052.599999998
-3.4100000858306885,35.560001373291016,28594934.1
-3.4100000858306885,35.310001373291016,28329260.799999997
-3.4100000858306885,35.060001373291016,25346163.599999998
-3.4100000858306885,34.810001373291016,24026274.2
-3.4100000858306885,34.560001373291016,23697662.699999996
-3.4100000858306885,34.310001373291016,22807703.2
-3.4100000858306885,34.060001373291016,23262189.1
-3.4100000858306885,33.810001373291016,23736957.999999996
-3.4100000858306885,33.560001373291016,23388878.800000004
-3.4100000858306885,33.310001373291016,23416988.4
-3.4100000858306885,33.060001373291016,23934150.3
-3.4100000858306885,32.810001373291016,25515507.400000002
-3.4100000858306885,32.560001373291016,26754100.4
-3.4100000858306885,32.310001373291016,26605170.2
-3.4100000858306885,32.060001373291016,25390806.900000002
-3.4100000858306885,31.809999465942386,24298567.500000004
-3.4100000858306885,31.559999465942386,23986163.5
-3.4100000858306885,31.309999465942386,23985870.099999998
-3.4100000858306885,31.059999465942386,23827549.0
-3.4100000858306885,30.809999465942386,23645519.3
-3.4100000858306885,30.559999465942386,24084906.400000002
-3.4100000858306885,30.309999465942386,23542015.2
-3.4100000858306885,30.059999465942386,23597093.500000004
-3.4100000858306885,29.809999465942386,24130592.8
-3.4100000858306885,29.559999465942386,23780100.8
-3.4100000858306885,29.309999465942386,23397716.400000002
-3.4100000858306885,29.059999465942386,23086453.5
-3.4100000858306885,28.809999465942386,22528268.9
-3.4100000858306885,28.559999465942386,22700025.099999998
-3.4100000858306885,28.309999465942386,23389922.3
-3.4100000858306885,28.059999465942386,23614898.6
-3.4100000858306885,27.809999465942386,23745273.499999996
-3.4100000858306885,27.559999465942386,24008794.799999997
-3.1600000858306885,35.810001373291016,28799790.500000004
-3.1600000858306885,35.560001373291016,28444210.7
-3.1600000858306885,35.310001373291016,27731421.7
-3.1600000858306885,35.060001373291016,24840023.900000002
-3.1600000858306885,34.810001373291016,23506568.4
-3.1600000858306885,34.560001373291016,23267243.2
-3.1600000858306885,34.310001373291016,23194979.799999997
-3.1600000858306885,34.060001373291016,23811275.9
-3.1600000858306885,33.810001373291016,24286827.599999998
-3.1600000858306885,33.560001373291016,23760763.1
-3.1600000858306885,33.310001373291016,23797743.1
-3.1600000858306885,33.060001373291016,24316306.8
-3.1600000858306885,32.810001373291016,25070021.599999998
-3.1600000858306885,32.560001373291016,26120911.699999996
-3.1600000858306885,32.310001373291016,26795221.2
-3.1600000858306885,32.060001373291016,25601173.5
-3.1600000858306885,31.809999465942386,24524652.2
-3.1600000858306885,31.559999465942386,24286273.4
-3.1600000858306885,31.309999465942386,24556121.099999998
-3.1600000858306885,31.059999465942386,24093809.400000002
-3.1600000858306885,30.809999465942386,23600224.2
-3.1600000858306885,30.559999465942386,23668705.4
-3.1600000858306885,30.309999465942386,24138909.0
-3.1600000858306885,30.059999465942386,24219455.3
-3.1600000858306885,29.809999465942386,23953423.200000003
-3.1600000858306885,29.559999465942386,23346909.700000003
-3.1600000858306885,29.309999465942386,22775908.6
-3.1600000858306885,29.059999465942386,22671654.5
-3.1600000858306885,28.809999465942386,22397828.400000002
-3.1600000858306885,28.559999465942386,22744635.700000003
-3.1600000858306885,28.309999465942386,23339344.299999997
-3.1600000858306885,28.059999465942386,23608865.799999997
-3.1600000858306885,27.809999465942386,23284037.8
-3.1600000858306885,27.559999465942386,23301190.7
-2.9100000858306885,35.810001373291016,28760462.8
-2.9100000858306885,35.560001373291016,28469124.8
-2.9100000858306885,35.310001373291016,27536968.099999998
-2.9100000858306885,35.060001373291016,25337424.1
-2.9100000858306885,34.810001373291016,23935944.299999997
-2.9100000858306885,34.560001373291016,23325876.0
-2.9100000858306885,34.310001373291016,23519971.0
-2.9100000858306885,34.060001373291016,24051318.5
-2.9100000858306885,33.810001373291016,24267619.9
-2.9100000858306885,33.560001373291016,23318408.400000002
-2.9100000858306885,33.310001373291016,23393574.5
-2.9100000858306885,33.060001373291016,24058753.099999998
-2.9100000858306885,32.810001373291016,24417692.099999998
-2.9100000858306885,32.560001373291016,25061869.599999998
-2.9100000858306885,32.310001373291016,26229992.199999996
-2.9100000858306885,32.060001373291016,25933404.7
-2.9100000858306885,31.809999465942386,24945712.599999998
-2.9100000858306885,31.559999465942386,25038129.599999998
-2.9100000858306885,31.309999465942386,25449276.200000003
-2.9100000858306885,31.059999465942386,24507173.5
-2.9100000858306885,30.809999465942386,23702847.700000003
-2.9100000858306885,30.559999465942386,23565592.000000004
-2.9100000858306885,30.309999465942386,24234879.599999998
-2.9100000858306885,30.059999465942386,24836175.699999996
-2.9100000858306885,29.809999465942386,24500651.299999997
-2.9100000858306885,29.559999465942386,23943574.5
-2.9100000858306885,29.309999465942386,23216078.099999998
-2.9100000858306885,29.059999465942386,22900642.3
-2.9100000858306885,28.809999465942386,22581324.799999997
-2.9100000858306885,28.559999465942386,22795050.9
-2.9100000858306885,28.309999465942386,23233393.900000002
-2.9100000858306885,28.059999465942386,23572831.7
-2.9100000858306885,27.809999465942386,22890369.8
-2.9100000858306885,27.559999465942386,22702047.2
-2.6600000858306885,35.810001373291016,28785213.8
-2.6600000858306885,35.560001373291016,28558020.000000004
-2.6600000858306885,35.310001373291016,28368099.0
-2.6600000858306885,35.060001373291016,26035375.599999998
-2.6600000858306885,34.810001373291016,24562251.8
-2.6600000858306885,34.560001373291016,24157105.199999996
-2.6600000858306885,34.310001373291016,24511510.6
-2.6600000858306885,34.060001373291016,24800565.6
-2.6600000858306885,33.810001373291016,23657259.6
-2.6600000858306885,33.560001373291016,22806953.2
-2.6600000858306885,33.310001373291016,23095910.900000002
-2.6600000858306885,33.060001373291016,23705848.099999998
-2.6600000858306885,32.810001373291016,23701380.0
-2.6600000858306885,32.560001373291016,24231814.4
-2.6600000858306885,32.310001373291016,25276182.499999996
-2.6600000858306885,32.060001373291016,25498354.5
-2.6600000858306885,31.809999465942386,25065717.499999996
-2.6600000858306885,31.559999465942386,25421068.8
-2.6600000858306885,31.309999465942386,26075355.3
-2.6600000858306885,31.059999465942386,24774314.7
-2.6600000858306885,30.809999465942386,23564027.2
-2.6600000858306885,30.559999465942386,23417966.599999998
-2.6600000858306885,30.309999465942386,23778405.200000003
-2.6600000858306885,30.059999465942386,24729378.200000003
-2.6600000858306885,29.809999465942386,25372577.299999997
-2.6600000858306885,29.559999465942386,24869535.6
-2.6600000858306885,29.309999465942386,24019621.3
-2.6600000858306885,29.059999465942386,23554178.9
-2.6600000858306885,28.809999465942386,23150662.900000002
-2.6600000858306885,28.559999465942386,23104356.400000002
-2.6600000858306885,28.309999465942386,22891315.6
-2.6600000858306885,28.059999465942386,23337322.599999994
-2.6600000858306885,27.809999465942386,23056322.099999998
-2.6600000858306885,27.559999465942386,22427242.700000003
-2.4100000858306885,35.810001373291016,28781039.5
-2.4100000858306885,35.560001373291016,28818508.3
-2.4100000858306885,35.310001373291016,28686373.2
-2.4100000858306885,35.060001373291016,26439087.599999998
-2.4100000858306885,34.810001373291016,24879514.4
-2.4100000858306885,34.560001373291016,24529641.599999998
-2.4100000858306885,34.310001373291016,24877590.299999997
-2.4100000858306885,34.060001373291016,23947162.400000002
-2.4100000858306885,33.810001373291016,22810083.900000002
-2.4100000858306885,33.560001373291016,22756636.3
-2.4100000858306885,33.310001373291016,23032256.399999995
-2.4100000858306885,33.060001373291016,23566733.6
-2.4100000858306885,32.810001373291016,23575571.1
-2.4100000858306885,32.560001373291016,23557635.5
-2.4100000858306885,32.310001373291016,24426561.2
-2.4100000858306885,32.060001373291016,24960680.999999996
-2.4100000858306885,31.809999465942386,24802260.999999996
-2.4100000858306885,31.559999465942386,25274323.2
-2.4100000858306885,31.309999465942386,25964448.9
-2.4100000858306885,31.059999465942386,24668723.400000002
-2.4100000858306885,30.809999465942386,23323659.099999998
-2.4100000858306885,30.559999465942386,22452874.2
-2.4100000858306885,30.309999465942386,22831933.000000004
-2.4100000858306885,30.059999465942386,23919932.400000002
-2.4100000858306885,29.809999465942386,25060760.7
-2.4100000858306885,29.559999465942386,25256094.6
-2.4100000858306885,29.309999465942386,24208205.000000004
-2.4100000858306885,29.059999465942386,23219437.6
-2.4100000858306885,28.809999465942386,23329854.9
-2.4100000858306885,28.559999465942386,22967883.999999996
-2.4100000858306885,28.309999465942386,22591075.2
-2.4100000858306885,28.059999465942386,22974862.2
-2.4100000858306885,27.809999465942386,22855020.3
-2.4100000858306885,27.559999465942386,22399426.500000004
-2.1600000858306885,35.810001373291016,28837128.8
-2.1600000858306885,35.560001373291016,28893968.599999998
-2.1600000858306885,35.310001373291016,28864357.9
-2.1600000858306885,35.060001373291016,26751621.299999997
-2.1600000858306885,34.810001373291016,24997986.400000002
-2.1600000858306885,34.560001373291016,24793945.700000003
-2.1600000858306885,34.310001373291016,24270588.1
-2.1600000858306885,34.060001373291016,23272852.099999998
-2.1600000858306885,33.810001373291016,22647718.900000002
-2.1600000858306885,33.560001373291016,22740200.7
-2.1600000858306885,33.310001373291016,23023124.5
-2.1600000858306885,33.060001373291016,23646530.3
-2.1600000858306885,32.810001373291016,23555320.5
-2.1600000858306885,32.560001373291016,23295418.5
-2.1600000858306885,32.310001373291016,24083993.5
-2.1600000858306885,32.060001373291016,24924874.599999998
-2.1600000858306885,31.809999465942386,25359794.500000004
-2.1600000858306885,31.559999465942386,25534519.000000004
-2.1600000858306885,31.309999465942386,24894743.299999997
-2.1600000858306885,31.059999465942386,23718174.7
-2.1600000858306885,30.809999465942386,22558530.400000002
-2.1600000858306885,30.559999465942386,21215357.299999997
-2.1600000858306885,30.309999465942386,21011610.0
-2.1600000858306885,30.059999465942386,22447330.4
-2.1600000858306885,29.809999465942386,24262207.1
-2.1600000858306885,29.559999465942386,24538022.2
-2.1600000858306885,29.309999465942386,23427489.099999998
-2.1600000858306885,29.059999465942386,22304400.700000003
-2.1600000858306885,28.809999465942386,22746755.7
-2.1600000858306885,28.559999465942386,22301661.4
-2.1600000858306885,28.309999465942386,22233506.5
-2.1600000858306885,28.059999465942386,22429883.6
-2.1600000858306885,27.809999465942386,22369816.599999998
-2.1600000858306885,27.559999465942386,21975757.0
-1.9099999666213991,35.810001373291016,28841531.199999996
-1.9099999666213991,35.560001373291016,28967536.4
-1.9099999666213991,35.310001373291016,28955111.199999996
-1.9099999666213991,35.060001373291016,26916041.400000002
-1.9099999666213991,34.810001373291016,25119458.9
-1.9099999666213991,34.560001373291016,25151905.6
-1.9099999666213991,34.310001373291016,24471041.4
-1.9099999666213991,34.060001373291016,23306342.8
-1.9099999666213991,33.810001373291016,22814551.2
-1.9099999666213991,33.560001373291016,22913229.4
-1.9099999666213991,33.310001373291016,23122454.999999996
-1.9099999666213991,33.060001373291016,23169511.1
-1.9099999666213991,32.810001373291016,23003982.600000005
-1.9099999666213991,32.560001373291016,23893225.1
-1.9099999666213991,32.310001373291016,24594503.3
-1.9099999666213991,32.060001373291016,25413176.7
-1.9099999666213991,31.809999465942386,25813008.200000003
-1.9099999666213991,31.559999465942386,24818663.899999995
-1.9099999666213991,31.309999465942386,23579256.3
-1.9099999666213991,31.059999465942386,21807098.600000005
-1.9099999666213991,30.809999465942386,21301578.400000002
-1.9099999666213991,30.559999465942386,20473316.7
-1.9099999666213991,30.309999465942386,20048277.799999997
-1.9099999666213991,30.059999465942386,20878202.599999998
-1.9099999666213991,29.809999465942386,22889032.6
-1.9099999666213991,29.559999465942386,23934085.2
-1.9099999666213991,29.309999465942386,23069594.5
-1.9099999666213991,29.059999465942386,21750356.999999996
-1.9099999666213991,28.809999465942386,21778792.799999993
-1.9099999666213991,28.559999465942386,22178135.2
-1.9099999666213991,28.309999465942386,22001747.9
-1.9099999666213991,28.059999465942386,21726779.9
-1.9099999666213991,27.809999465942386,21634820.1
-1.9099999666213991,27.559999465942386,21365819.599999998
-1.6599999666213991,35.810001373291016,28817236.8
-1.6599999666213991,35.560001373291016,28954361.8
-1.6599999666213991,35.310001373291016,28600119.6
-1.6599999666213991,35.060001373291016,26335974.599999998
-1.6599999666213991,34.810001373291016,25764288.9
-1.6599999666213991,34.560001373291016,25391002.3
-1.6599999666213991,34.310001373291016,24508347.5
-1.6599999666213991,34.060001373291016,23474480.199999996
-1.6599999666213991,33.810001373291016,22985461.1
-1.6599999666213991,33.560001373291016,23025505.7
-1.6599999666213991,33.310001373291016,23274515.8
-1.6599999666213991,33.060001373291016,23107552.5
-1.6599999666213991,32.810001373291016,23090660.2
-1.6599999666213991,32.560001373291016,23951401.4
-1.6599999666213991,32.310001373291016,24890373.5
-1.6599999666213991,32.060001373291016,25398959.099999998
-1.6599999666213991,31.809999465942386,24646744.300000004
-1.6599999666213991,31.559999465942386,23679271.1
-1.6599999666213991,31.309999465942386,22701851.2
-1.6599999666213991,31.059999465942386,21065481.5
-1.6599999666213991,30.809999465942386,20846766.799999997
-1.6599999666213991,30.559999465942386,20074072.4
-1.6599999666213991,30.309999465942386,19772788.700000003
-1.6599999666213991,30.059999465942386,20285874.4
-1.6599999666213991,29.809999465942386,21121146.999999996
-1.6599999666213991,29.559999465942386,22286693.700000003
-1.6599999666213991,29.309999465942386,23085344.8
-1.6599999666213991,29.059999465942386,21830968.599999998
-1.6599999666213991,28.809999465942386,21202313.3
-1.6599999666213991,28.559999465942386,21757009.499999996
-1.6599999666213991,28.309999465942386,21806446.2
-1.6599999666213991,28.059999465942386,21426311.4
-1.6599999666213991,27.809999465942386,21166115.9
-1.6599999666213991,27.559999465942386,21060851.099999998
-1.4099999666213991,35.810001373291016,28760201.7
-1.4099999666213991,35.560001373291016,28470331.6
-1.4099999666213991,35.310001373291016,27638353.0
-1.4099999666213991,35.060001373291016,25884554.5
-1.4099999666213991,34.810001373291016,25551052.0
-1.4099999666213991,34.560001373291016,24944668.9
-1.4099999666213991,34.310001373291016,24221053.4
-1.4099999666213991,34.060001373291016,23214154.2
-1.4099999666213991,33.810001373291016,22649936.299999997
-1.4099999666213991,33.560001373291016,22662915.2
-1.4099999666213991,33.310001373291016,22986112.6
-1.4099999666213991,33.060001373291016,23188099.0
-1.4099999666213991,32.810001373291016,23576516.400000002
-1.4099999666213991,32.560001373291016,24448475.4
-1.4099999666213991,32.310001373291016,25328162.6
-1.4099999666213991,32.060001373291016,24513140.7
-1.4099999666213991,31.809999465942386,23687847.400000002
-1.4099999666213991,31.559999465942386,22723406.3
-1.4099999666213991,31.309999465942386,21820696.600000005
-1.4099999666213991,31.059999465942386,20788264.199999996
-1.4099999666213991,30.809999465942386,20413053.5
-1.4099999666213991,30.559999465942386,19948785.200000003
-1.4099999666213991,30.309999465942386,19830443.3
-1.4099999666213991,30.059999465942386,19698177.0
-1.4099999666213991,29.809999465942386,20123933.3
-1.4099999666213991,29.559999465942386,21454127.700000003
-1.4099999666213991,29.309999465942386,22483918.7
-1.4099999666213991,29.059999465942386,22121817.6
-1.4099999666213991,28.809999465942386,21294991.299999997
-1.4099999666213991,28.559999465942386,21303241.499999996
-1.4099999666213991,28.309999465942386,21636450.2
-1.4099999666213991,28.059999465942386,21427289.5
-1.4099999666213991,27.809999465942386,21227651.0
-1.4099999666213991,27.559999465942386,21128908.4
-1.1599999666213991,35.810001373291016,28304673.0
-1.1599999666213991,35.560001373291016,27383537.9
-1.1599999666213991,35.310001373291016,25891858.599999998
-1.1599999666213991,35.060001373291016,24843675.900000002
-1.1599999666213991,34.810001373291016,25562498.3
-1.1599999666213991,34.560001373291016,24836208.5
-1.1599999666213991,34.310001373291016,23599148.4
-1.1599999666213991,34.060001373291016,22646577.2
-1.1599999666213991,33.810001373291016,22104859.8
-1.1599999666213991,33.560001373291016,22111838.6
-1.1599999666213991,33.310001373291016,22555073.299999997
-1.1599999666213991,33.060001373291016,23078398.8
-1.1599999666213991,32.810001373291016,24248412.900000006
-1.1599999666213991,32.560001373291016,25041422.7
-1.1599999666213991,32.310001373291016,25271747.2
-1.1599999666213991,32.060001373291016,24233478.300000004
-1.1599999666213991,31.809999465942386,23048854.200000003
-1.1599999666213991,31.559999465942386,22110860.3
-1.1599999666213991,31.309999465942386,21532391.900000002
-1.1599999666213991,31.059999465942386,20724120.4
-1.1599999666213991,30.809999465942386,19997993.5
-1.1599999666213991,30.559999465942386,19808301.4
-1.1599999666213991,30.309999465942386,19814399.2
-1.1599999666213991,30.059999465942386,19642838.1
-1.1599999666213991,29.809999465942386,19541779.6
-1.1599999666213991,29.559999465942386,20643117.1
-1.1599999666213991,29.309999465942386,21601492.400000002
-1.1599999666213991,29.059999465942386,21638243.800000004
-1.1599999666213991,28.809999465942386,21508358.299999997
-1.1599999666213991,28.559999465942386,21383070.5
-1.1599999666213991,28.309999465942386,21878188.099999998
-1.1599999666213991,28.059999465942386,21501444.299999997
-1.1599999666213991,27.809999465942386,21102396.400000002
-1.1599999666213991,27.559999465942386,20998663.4
